Product Name,Price
,
Laptop HP 250 G9 AG2K7AT,14.990.000đ
Laptop ASUS Vivobook 14 OLED A1405VA-KM257W,17.190.000đ
Laptop ASUS TUF Gaming A15 FA506NCR-HN047W,19.490.000đ
Laptop HP Pavilion 15-EG3093TU 8C5L4PA,17.690.000đ
,
,
,
,
,
Laptop Gaming Acer Nitro V ANV15-51-58AN,16.790.000đ
Apple MacBook Air M2 2024 8CPU 8GPU 16GB 256GB I Chính hãng Apple Việt Nam,22.990.000đ
Apple MacBook Air M1 256GB 2020 I Chính hãng Apple Việt Nam,16.990.000đ
Laptop Acer Gaming Aspire 7 A715-76-53PJ,13.990.000đ
Laptop ASUS Vivobook 14 OLED A1405VA-KM257W,17.190.000đ
MacBook Air M3 13 inch 2024 8CPU 8GPU 16GB - 256GB sạc 30W | Chính hãng Apple Việt Nam,25.990.000đ
Laptop HP 15-FD0235TU 9Q970PA,15.590.000đ
Laptop Acer Aspire Lite AL16-51P-55N7 NX.KX0SV.001,13.990.000đ
Laptop Lenovo LOQ 15IAX9 83GS001RVN,21.290.000đ
Mac mini M4 2024 10CPU 10GPU 16GB 256GB | Chính hãng Apple Việt Nam,14.990.000đ
MacBook Pro 14 M4 10CPU 10GPU 16GB 512GB | Chính hãng Apple Việt Nam,39.990.000đ
Laptop ASUS Vivobook 15 X1504ZA-NJ517W,13.790.000đ
MacBook Air M3 15 inch 2024 8CPU 10GPU 24GB 512GB Sạc 35W | Chính hãng Apple Việt Nam,38.990.000đ
Laptop HP 250 G9 AG2K7AT,14.990.000đ
Laptop ASUS Gaming VivoBook K3605ZC-RP564W,18.990.000đ
Laptop MSI Modern 14 C12MO-660VN,11.990.000đ
Laptop Acer Aspire 3 Spin A3SP14-31PT-387Z,9.990.000đ
Laptop ASUS VivoBook 14 OLED A1405VA-KM095W,17.290.000đ
Laptop Gaming Acer Nitro 5 Tiger AN515 58 52SP,18.990.000đ
Laptop Dell Inspiron 15 3520-5810BLK 102F0,12.490.000đ
