stt,title,link
1,Tổng Bí thư: 'Không thể để dân tộc đánh mất cơ hội',https://vnexpress.net/tong-bi-thu-khong-the-de-dan-toc-danh-mat-co-hoi-4879214.html
2,"'Tắt não, mở ChatGPT'",https://vnexpress.net/tat-nao-mo-chatgpt-4878891.html
3,Thủ tướng Nhật Bản đến Việt Nam,https://vnexpress.net/thu-tuong-nhat-ban-den-viet-nam-4879169.html
4,Su-30MK2 thả bẫy nhiệt lần đầu ở TP HCM nhìn từ buồng lái,https://video.vnexpress.net/su-30mk2-tha-bay-nhiet-lan-dau-o-tp-hcm-nhin-tu-buong-lai-4879188.html
5,50 năm thống nhất đất nước,/thoi-su/50-nam-thong-nhat-dat-nuoc
6,Công binh rà bom mìn trước buổi hợp luyện diễu binh,https://video.vnexpress.net/cong-binh-ra-bom-min-truoc-buoi-hop-luyen-dieu-binh-4879100.html
7,Khai trương Trung tâm báo chí Lễ kỷ niệm 50 năm thống nhất đất nước,https://vnexpress.net/khai-truong-trung-tam-bao-chi-le-ky-niem-50-nam-thong-nhat-dat-nuoc-4879233.html
8,Vietnam Airlines hoãn chuyển toàn bộ chuyến bay nội địa sang ga T3 Tân Sơn Nhất,https://vnexpress.net/vietnam-airlines-hoan-chuyen-toan-bo-chuyen-bay-noi-dia-sang-ga-t3-tan-son-nhat-4879303.html
9,Tài xế xe rác tông chết 4 người bị tạm giữ,https://vnexpress.net/tai-xe-xe-rac-tong-chet-4-nguoi-bi-tam-giu-4879307.html
10,"Miền Bắc và Trung mưa giông, miền Nam nắng nhẹ dịp 30/4",https://vnexpress.net/mien-bac-va-trung-mua-giong-mien-nam-nang-nhe-dip-30-4-4879285.html
11,18 cô gái bị giam lỏng trong quán karaoke được giải cứu,https://vnexpress.net/18-co-gai-bi-giam-long-trong-quan-karaoke-duoc-giai-cuu-4879252.html
12,Iran bác tin 'có hàng hóa quân sự' trong vụ nổ cảng,https://vnexpress.net/iran-bac-tin-co-hang-hoa-quan-su-trong-vu-no-cang-4879301.html
13,"Quân đội Trung Quốc, Campuchia, Lào tham gia diễu binh",https://vnexpress.net/quan-doi-trung-quoc-campuchia-lao-tham-gia-dieu-binh-4879140.html
14,3 người trong đường dây cắt ghép ảnh nhạy cảm để tống tiền bị bắt,https://vnexpress.net/3-nguoi-trong-duong-day-cat-ghep-anh-nhay-cam-de-tong-tien-bi-bat-4879258.html
15,Quảng Ngãi tính đưa 40 cán bộ sở về xã sau sáp nhập,https://vnexpress.net/quang-ngai-tinh-dua-40-can-bo-so-ve-xa-sau-sap-nhap-4879238.html
16,Xe đầu kéo đẩy ôtô trượt dài hàng trăm mét,https://video.vnexpress.net/xe-dau-keo-day-oto-truot-dai-hang-tram-met-4879184.html
17,"Cảnh sát phát hiện hơn 71.000 lít dầu ăn, 40 tấn mì chính giả",https://vnexpress.net/canh-sat-phat-hien-hon-71-000-lit-dau-an-40-tan-mi-chinh-gia-4879180.html
18,"25 người chết, 1.000 người bị thương trong vụ nổ tại cảng Iran",https://vnexpress.net/25-nguoi-chet-1-000-nguoi-bi-thuong-trong-vu-no-tai-cang-iran-4879187.html
19,Moskva bắt 'đặc vụ Ukraine' trong vụ ám sát tướng Nga,https://vnexpress.net/moskva-bat-dac-vu-ukraine-trong-vu-am-sat-tuong-nga-4879156.html
20,HLV Popov ký hai năm với Thể Công,https://vnexpress.net/hlv-popov-ky-hai-nam-voi-the-cong-4879235.html
21,Yamal: 'Tôi biết trước Real ghi hai bàn cũng thua Barca',https://vnexpress.net/yamal-toi-biet-truoc-real-ghi-hai-ban-cung-thua-barca-4879170.html
22,Vatican công bố hình ảnh an táng Giáo hoàng Francis,https://vnexpress.net/vatican-cong-bo-hinh-anh-an-tang-giao-hoang-francis-4879171.html
23,30 năm hôn nhân của nghệ sĩ saxophone Trần Mạnh Tuấn,https://vnexpress.net/30-nam-hon-nhan-cua-nghe-si-saxophone-tran-manh-tuan-4878413.html
24,5 người bị bắt với cáo buộc làm giả hàng trăm tấn thực phẩm chức năng,https://vnexpress.net/5-nguoi-bi-bat-voi-cao-buoc-lam-gia-hang-tram-tan-thuc-pham-chuc-nang-4879191.html
25,Những doanh nghiệp trả cổ tức tiền mặt vượt lãi ngân hàng,https://vnexpress.net/nhung-doanh-nghiep-tra-co-tuc-tien-mat-vuot-lai-ngan-hang-4869202.html
26,Vinh lỡ hẹn giấc mơ 'thành phố biển',https://vnexpress.net/vinh-lo-hen-giac-mo-thanh-pho-bien-4876327.html
27,Thị trường - phép thử với quyết sách của ông Trump,https://vnexpress.net/thi-truong-phep-thu-voi-quyet-sach-cua-ong-trump-4877972.html
